{
    "informacoes": {
        "atributos": [
            {
            "titulo": "🎤 Comunicação",
            "valor": 50
            },
            {
            "titulo": "🧠 Resolução de Problemas",
            "valor": 20
            },
            {
            "titulo": "🎨 Design",
            "valor": 10
            }
        ],
        "hobbies": [
            {
            "titulo": "🤑 Investimentos",
            "nota": 5
            },
            {
            "titulo": "🍹 Barzinho",
            "nota": 5
            },
            {
            "titulo": "🖥️ Games",
            "nota": 5
            },
            {
            "titulo": "🎬 Filmes",
            "nota": 3
            },
            {
            "titulo": "🎵 Músicas",
            "nota": 4
            }
        ],
        "pontosFortes": [
            {
            "titulo": "😎 Carisma",
            "nota": 3
            },
            {
            "titulo": "🤗 Empatia",
            "nota": 3
            },
            {
            "titulo": "💚 Humanidade",
            "nota": 3
            },
            {
            "titulo": "✔️ Assertividade",
            "nota": 3
            }
        ],
        "pontosFracos": [
            {
            "titulo": "💔 Ansiedade",
            "nota": 3
            },
            {
            "titulo": "💔 Insegurança",
            "nota": 3
            },
            {
            "titulo": "💔 Impaciência",
            "nota": 3
            }
        ],
        "curiosidades": [
            {
            "titulo": "🔴⚪⚫ São Paulino",
            "nota": 3
            },
            {
            "titulo": "🤑 Jovem investidor",
            "nota": 3
            },
            {
            "titulo": "🎮 Gamer",
            "nota": 3
            }
        ],
        "profile": {
            "nick": "hpkNTC",
            "clan": "Corretora de Seguros",
            "level": 5,
            "idade": 25,
            "altura": "1,70",
            "peso": 65,
            "descricao": "Possui alguma experiência com atendimento aos clientes, não acomodado decidiu se aventurar no novo mundo Front-end e luta bravamente para conseguir sobreviver utilizando suas poucas habilidades em Angular. Possui um hobbie muito útil considerando sua nacionalidade: Investimentos."
        }
    }
}